BMW i3;2013-2019;165000
17;Beauty and the Beast;$1,263,521,126;2017
BMW 326;1936-1941;15952
BMW 328;1936-1940;464
21;Minions;$1,159,398,397;2015
BMW 3200 CS;1962-1965;603
9;Furious 7;$1,516,045,911;2015
5;Avengers: Infinity War;$2,048,359,754;2018
12;Black Panther;$1,347,280,838;2018
Buick Electra;1959-1990;3170000
Ferrari 250 GTO 1962-1964;36
Buick Electra;1959-1990;3170000
Bugatti Veyron;2005-2015;450
5;Avengers: Infinity War;$2,048,359,754;2018
BuickRiviera;1963-1999;1127261
Alfa Romeo 33 Stradale;1967-1967;18
Buick Electra;1959-1990;3170000
BMW i3;2013-2019;165000
Alfa Romeo 33 Stradale;1967-1967;18
BMW i3;2013-2019;165000
Ferrari 212 Inter;1951-1952;78
Buick Electra;1959-1990;3170000
Chevrolet Caprice;1966-1996;4630000
Alfa Romeo 33 Stradale;1967-1967;18
17;Beauty and the Beast;$1,263,521,126;2017
3;Titanic;$2,194,439,542;1997
Chevrolet Caprice;1966-1996;4630000
10;Frozen II;$1,450,026,933;2019
BMW 326;1936-1941;15952
Buick Electra;1959-1990;3170000
Chevrolet Caprice;1966-1996;4630000
1;Avengers: Endgame;$2,797,800,564;2019
24;The Lord of the Rings: The Return of the King;$1,142,219,401;2003
Chevrolet Caprice;1966-1996;4630000
BMW 328;1936-1940;464
12;Black Panther;$1,347,280,838;2018
Bugatti Veyron;2005-2015;450
6;Jurassic World;$1,671,713,208;2015
15;Jurassic World: Fallen Kingdom;$1,309,484,461;2018
15;Jurassic World: Fallen Kingdom;$1,309,484,461;2018
BuickRiviera;1963-1999;1127261
17;Beauty and the Beast;$1,263,521,126;2017
24;The Lord of the Rings: The Return of the King;$1,142,219,401;2003
BMW 328;1936-1940;464
17;Beauty and the Beast;$1,263,521,126;2017
Alfa Romeo 33;1983-1995;989324
16;Frozen;$1,290,000,000;2013
Alfa Romeo 33 Stradale;1967-1967;18
1;Avengers: Endgame;$2,797,800,564;2019
